﻿{
  "Mode": {
    "OfflineMode": false,
    "UIMode": false
  },
  "FileStore": {
    "Path": "Certificates",
    "CheckCRLs": false,
    "AutoRefresh": false,
    "OwnCRLsOnly": true,
    "FullAndDeltaCRLs": false,
    "AutoDownloadCRLs": true,
    "SaveLoadedCerts": false,
    "ExpireTime": 3600
  },
  "Proxy": {
    "UseProxy": false,
    "Anonymous": true,
    "Address": "localhost",
    "Port": 8888,
    "User": "",
    "Password": "",
    "SavePassword": true
  },
  "OCSP": {
    "UseOCSP": false,
    "BeforeStore": true,
    "Address": "",
    "Port": 80,
    "OCSPAccessInfoCollection": []
  },
  "TSP": {
    "GetStamps": true,
    "Address": "acskidd.gov.ua",
    "Port": 80
  },
  "CMP": {
    "UseCMP": false,
    "Address": "acskidd.gov.ua",
    "Port": 80,
    "CommonName": "CMPCommonName"
  },
  "PrivateKeys": [ ]
}